20日（今天）,多云,,20
21日（明天）,多云,29,19
22日（后天）,多云转小雨,29,20
23日（周二）,小雨,25,19
24日（周三）,小雨转多云,25,17
25日（周四）,多云,26,18
26日（周五）,多云,29,20
20日（今天）,多云,,20
21日（明天）,多云,29,19
22日（后天）,多云转小雨,29,20
23日（周二）,小雨,25,19
24日（周三）,小雨转多云,25,17
25日（周四）,多云,26,18
26日（周五）,多云,29,20
20日（今天）,多云,,20
21日（明天）,多云,29,19
22日（后天）,多云转小雨,29,20
23日（周二）,小雨,25,19
24日（周三）,小雨转多云,25,17
25日（周四）,多云,26,18
26日（周五）,多云,29,20
21日（今天）,多云,,19
22日（明天）,多云转阴,30,20
23日（后天）,阵雨,27,20
24日（周三）,阴转多云,26,17
25日（周四）,多云,29,18
26日（周五）,晴转多云,30,19
27日（周六）,多云,30,19
21日（今天）,多云,,19
22日（明天）,多云转阴,30,20
23日（后天）,阵雨,27,20
24日（周三）,阴转多云,26,17
25日（周四）,多云,29,18
26日（周五）,晴转多云,30,19
27日（周六）,多云,30,19
23日（今天）,晴,40,31
24日（明天）,晴,40,31
25日（后天）,晴转多云,40,31
26日（周三）,晴转多云,39,31
27日（周四）,多云转晴,39,30
28日（周五）,晴,39,30
29日（周六）,晴,39,29
